idx	op_type	name	inputs	outputs
0	Div	/Div	['latent', 'tts.ttl.normalizer.scale']	['/Div_output_0']
1	Shape	/Shape	['/Div_output_0']	['/Shape_output_0']
2	Gather	/Gather	['/Shape_output_0', '/Constant_output_0']	['/Gather_output_0']
3	Slice	/Slice	['/Shape_output_0', '/Constant_2_output_0', '/Constant_3_output_0', '/Constant_1_output_0']	['/Slice_output_0']
4	Squeeze	/Squeeze	['/Slice_output_0', '/Constant_1_output_0']	['/Squeeze_output_0']
5	Unsqueeze	/Unsqueeze	['/Gather_output_0', '/Constant_1_output_0']	['/Unsqueeze_output_0']
6	Unsqueeze	/Unsqueeze_1	['/Squeeze_output_0', '/Constant_1_output_0']	['/Unsqueeze_1_output_0']
7	Concat	/Concat	['/Unsqueeze_output_0', '/Constant_2_output_0', '/Constant_6_output_0', '/Unsqueeze_1_output_0']	['/Concat_output_0']
8	Reshape	/Reshape	['/Div_output_0', '/Concat_output_0']	['/Reshape_output_0']
9	Transpose	/Transpose	['/Reshape_output_0']	['/Transpose_output_0']
10	Shape	/Shape_2	['/Transpose_output_0']	['/Shape_2_output_0']
11	Gather	/Gather_1	['/Shape_2_output_0', '/Constant_output_0']	['/Gather_1_output_0']
12	Unsqueeze	/Unsqueeze_2	['/Gather_1_output_0', '/Constant_1_output_0']	['/Unsqueeze_2_output_0']
13	Concat	/Concat_1	['/Unsqueeze_2_output_0', '/Unsqueeze_3_output_0', '/Constant_2_output_0']	['/Concat_1_output_0']
14	Reshape	/Reshape_1	['/Transpose_output_0', '/Concat_1_output_0']	['/Reshape_1_output_0']
15	Mul	/Mul	['/Reshape_1_output_0', 'tts.ae.latent_std']	['/Mul_output_0']
16	Add	/Add	['/Mul_output_0', 'tts.ae.latent_mean']	['/Add_output_0']
17	Pad	/decoder/embed/Pad	['/Add_output_0', '/decoder/embed/Cast_output_0']	['/decoder/embed/Pad_output_0']
18	Conv	/decoder/embed/net/Conv	['/decoder/embed/Pad_output_0', 'onnx::Conv_1440', 'onnx::Conv_1441']	['/decoder/embed/net/Conv_output_0']
19	Pad	/decoder/convnext.0/dwconv/Pad	['/decoder/embed/net/Conv_output_0', '/decoder/embed/Cast_output_0']	['/decoder/convnext.0/dwconv/Pad_output_0']
20	Conv	/decoder/convnext.0/dwconv/net/Conv	['/decoder/convnext.0/dwconv/Pad_output_0', 'tts.ae.decoder.convnext.0.dwconv.net.weight', 'tts.ae.decoder.convnext.0.dwconv.net.bias']	['/decoder/convnext.0/dwconv/net/Conv_output_0']
21	Transpose	/decoder/convnext.0/norm/Transpose	['/decoder/convnext.0/dwconv/net/Conv_output_0']	['/decoder/convnext.0/norm/Transpose_output_0']
22	LayerNormalization	/decoder/convnext.0/norm/norm/LayerNormalization	['/decoder/convnext.0/norm/Transpose_output_0', 'tts.ae.decoder.convnext.0.norm.norm.weight', 'tts.ae.decoder.convnext.0.norm.norm.bias']	['/decoder/convnext.0/norm/norm/LayerNormalization_output_0']
23	Transpose	/decoder/convnext.0/norm/Transpose_1	['/decoder/convnext.0/norm/norm/LayerNormalization_output_0']	['/decoder/convnext.0/norm/Transpose_1_output_0']
24	Conv	/decoder/convnext.0/pwconv1/Conv	['/decoder/convnext.0/norm/Transpose_1_output_0', 'tts.ae.decoder.convnext.0.pwconv1.weight', 'tts.ae.decoder.convnext.0.pwconv1.bias']	['/decoder/convnext.0/pwconv1/Conv_output_0']
25	Div	/decoder/convnext.0/act/Div	['/decoder/convnext.0/pwconv1/Conv_output_0', '/decoder/convnext.0/act/Constant_output_0']	['/decoder/convnext.0/act/Div_output_0']
26	Erf	/decoder/convnext.0/act/Erf	['/decoder/convnext.0/act/Div_output_0']	['/decoder/convnext.0/act/Erf_output_0']
27	Add	/decoder/convnext.0/act/Add	['/decoder/convnext.0/act/Erf_output_0', '/decoder/convnext.0/act/Constant_1_output_0']	['/decoder/convnext.0/act/Add_output_0']
28	Mul	/decoder/convnext.0/act/Mul	['/decoder/convnext.0/pwconv1/Conv_output_0', '/decoder/convnext.0/act/Add_output_0']	['/decoder/convnext.0/act/Mul_output_0']
29	Mul	/decoder/convnext.0/act/Mul_1	['/decoder/convnext.0/act/Mul_output_0', '/decoder/convnext.0/act/Constant_2_output_0']	['/decoder/convnext.0/act/Mul_1_output_0']
30	Conv	/decoder/convnext.0/pwconv2/Conv	['/decoder/convnext.0/act/Mul_1_output_0', 'tts.ae.decoder.convnext.0.pwconv2.weight', 'tts.ae.decoder.convnext.0.pwconv2.bias']	['/decoder/convnext.0/pwconv2/Conv_output_0']
31	Mul	/decoder/convnext.0/Mul	['tts.ae.decoder.convnext.0.gamma', '/decoder/convnext.0/pwconv2/Conv_output_0']	['/decoder/convnext.0/Mul_output_0']
32	Add	/decoder/convnext.0/Add	['/decoder/embed/net/Conv_output_0', '/decoder/convnext.0/Mul_output_0']	['/decoder/convnext.0/Add_output_0']
33	Pad	/decoder/convnext.1/dwconv/Pad	['/decoder/convnext.0/Add_output_0', '/decoder/convnext.1/dwconv/Cast_output_0']	['/decoder/convnext.1/dwconv/Pad_output_0']
34	Conv	/decoder/convnext.1/dwconv/net/Conv	['/decoder/convnext.1/dwconv/Pad_output_0', 'tts.ae.decoder.convnext.1.dwconv.net.weight', 'tts.ae.decoder.convnext.1.dwconv.net.bias']	['/decoder/convnext.1/dwconv/net/Conv_output_0']
35	Transpose	/decoder/convnext.1/norm/Transpose	['/decoder/convnext.1/dwconv/net/Conv_output_0']	['/decoder/convnext.1/norm/Transpose_output_0']
36	LayerNormalization	/decoder/convnext.1/norm/norm/LayerNormalization	['/decoder/convnext.1/norm/Transpose_output_0', 'tts.ae.decoder.convnext.1.norm.norm.weight', 'tts.ae.decoder.convnext.1.norm.norm.bias']	['/decoder/convnext.1/norm/norm/LayerNormalization_output_0']
37	Transpose	/decoder/convnext.1/norm/Transpose_1	['/decoder/convnext.1/norm/norm/LayerNormalization_output_0']	['/decoder/convnext.1/norm/Transpose_1_output_0']
38	Conv	/decoder/convnext.1/pwconv1/Conv	['/decoder/convnext.1/norm/Transpose_1_output_0', 'tts.ae.decoder.convnext.1.pwconv1.weight', 'tts.ae.decoder.convnext.1.pwconv1.bias']	['/decoder/convnext.1/pwconv1/Conv_output_0']
39	Div	/decoder/convnext.1/act/Div	['/decoder/convnext.1/pwconv1/Conv_output_0', '/decoder/convnext.0/act/Constant_output_0']	['/decoder/convnext.1/act/Div_output_0']
40	Erf	/decoder/convnext.1/act/Erf	['/decoder/convnext.1/act/Div_output_0']	['/decoder/convnext.1/act/Erf_output_0']
41	Add	/decoder/convnext.1/act/Add	['/decoder/convnext.1/act/Erf_output_0', '/decoder/convnext.0/act/Constant_1_output_0']	['/decoder/convnext.1/act/Add_output_0']
42	Mul	/decoder/convnext.1/act/Mul	['/decoder/convnext.1/pwconv1/Conv_output_0', '/decoder/convnext.1/act/Add_output_0']	['/decoder/convnext.1/act/Mul_output_0']
43	Mul	/decoder/convnext.1/act/Mul_1	['/decoder/convnext.1/act/Mul_output_0', '/decoder/convnext.0/act/Constant_2_output_0']	['/decoder/convnext.1/act/Mul_1_output_0']
44	Conv	/decoder/convnext.1/pwconv2/Conv	['/decoder/convnext.1/act/Mul_1_output_0', 'tts.ae.decoder.convnext.1.pwconv2.weight', 'tts.ae.decoder.convnext.1.pwconv2.bias']	['/decoder/convnext.1/pwconv2/Conv_output_0']
45	Mul	/decoder/convnext.1/Mul	['tts.ae.decoder.convnext.1.gamma', '/decoder/convnext.1/pwconv2/Conv_output_0']	['/decoder/convnext.1/Mul_output_0']
46	Add	/decoder/convnext.1/Add	['/decoder/convnext.0/Add_output_0', '/decoder/convnext.1/Mul_output_0']	['/decoder/convnext.1/Add_output_0']
47	Pad	/decoder/convnext.2/dwconv/Pad	['/decoder/convnext.1/Add_output_0', '/decoder/convnext.2/dwconv/Cast_output_0']	['/decoder/convnext.2/dwconv/Pad_output_0']
48	Conv	/decoder/convnext.2/dwconv/net/Conv	['/decoder/convnext.2/dwconv/Pad_output_0', 'tts.ae.decoder.convnext.2.dwconv.net.weight', 'tts.ae.decoder.convnext.2.dwconv.net.bias']	['/decoder/convnext.2/dwconv/net/Conv_output_0']
49	Transpose	/decoder/convnext.2/norm/Transpose	['/decoder/convnext.2/dwconv/net/Conv_output_0']	['/decoder/convnext.2/norm/Transpose_output_0']
50	LayerNormalization	/decoder/convnext.2/norm/norm/LayerNormalization	['/decoder/convnext.2/norm/Transpose_output_0', 'tts.ae.decoder.convnext.2.norm.norm.weight', 'tts.ae.decoder.convnext.2.norm.norm.bias']	['/decoder/convnext.2/norm/norm/LayerNormalization_output_0']
51	Transpose	/decoder/convnext.2/norm/Transpose_1	['/decoder/convnext.2/norm/norm/LayerNormalization_output_0']	['/decoder/convnext.2/norm/Transpose_1_output_0']
52	Conv	/decoder/convnext.2/pwconv1/Conv	['/decoder/convnext.2/norm/Transpose_1_output_0', 'tts.ae.decoder.convnext.2.pwconv1.weight', 'tts.ae.decoder.convnext.2.pwconv1.bias']	['/decoder/convnext.2/pwconv1/Conv_output_0']
53	Div	/decoder/convnext.2/act/Div	['/decoder/convnext.2/pwconv1/Conv_output_0', '/decoder/convnext.0/act/Constant_output_0']	['/decoder/convnext.2/act/Div_output_0']
54	Erf	/decoder/convnext.2/act/Erf	['/decoder/convnext.2/act/Div_output_0']	['/decoder/convnext.2/act/Erf_output_0']
55	Add	/decoder/convnext.2/act/Add	['/decoder/convnext.2/act/Erf_output_0', '/decoder/convnext.0/act/Constant_1_output_0']	['/decoder/convnext.2/act/Add_output_0']
56	Mul	/decoder/convnext.2/act/Mul	['/decoder/convnext.2/pwconv1/Conv_output_0', '/decoder/convnext.2/act/Add_output_0']	['/decoder/convnext.2/act/Mul_output_0']
57	Mul	/decoder/convnext.2/act/Mul_1	['/decoder/convnext.2/act/Mul_output_0', '/decoder/convnext.0/act/Constant_2_output_0']	['/decoder/convnext.2/act/Mul_1_output_0']
58	Conv	/decoder/convnext.2/pwconv2/Conv	['/decoder/convnext.2/act/Mul_1_output_0', 'tts.ae.decoder.convnext.2.pwconv2.weight', 'tts.ae.decoder.convnext.2.pwconv2.bias']	['/decoder/convnext.2/pwconv2/Conv_output_0']
59	Mul	/decoder/convnext.2/Mul	['tts.ae.decoder.convnext.2.gamma', '/decoder/convnext.2/pwconv2/Conv_output_0']	['/decoder/convnext.2/Mul_output_0']
60	Add	/decoder/convnext.2/Add	['/decoder/convnext.1/Add_output_0', '/decoder/convnext.2/Mul_output_0']	['/decoder/convnext.2/Add_output_0']
61	Pad	/decoder/convnext.3/dwconv/Pad	['/decoder/convnext.2/Add_output_0', '/decoder/embed/Cast_output_0']	['/decoder/convnext.3/dwconv/Pad_output_0']
62	Conv	/decoder/convnext.3/dwconv/net/Conv	['/decoder/convnext.3/dwconv/Pad_output_0', 'tts.ae.decoder.convnext.3.dwconv.net.weight', 'tts.ae.decoder.convnext.3.dwconv.net.bias']	['/decoder/convnext.3/dwconv/net/Conv_output_0']
63	Transpose	/decoder/convnext.3/norm/Transpose	['/decoder/convnext.3/dwconv/net/Conv_output_0']	['/decoder/convnext.3/norm/Transpose_output_0']
64	LayerNormalization	/decoder/convnext.3/norm/norm/LayerNormalization	['/decoder/convnext.3/norm/Transpose_output_0', 'tts.ae.decoder.convnext.3.norm.norm.weight', 'tts.ae.decoder.convnext.3.norm.norm.bias']	['/decoder/convnext.3/norm/norm/LayerNormalization_output_0']
65	Transpose	/decoder/convnext.3/norm/Transpose_1	['/decoder/convnext.3/norm/norm/LayerNormalization_output_0']	['/decoder/convnext.3/norm/Transpose_1_output_0']
66	Conv	/decoder/convnext.3/pwconv1/Conv	['/decoder/convnext.3/norm/Transpose_1_output_0', 'tts.ae.decoder.convnext.3.pwconv1.weight', 'tts.ae.decoder.convnext.3.pwconv1.bias']	['/decoder/convnext.3/pwconv1/Conv_output_0']
67	Div	/decoder/convnext.3/act/Div	['/decoder/convnext.3/pwconv1/Conv_output_0', '/decoder/convnext.0/act/Constant_output_0']	['/decoder/convnext.3/act/Div_output_0']
68	Erf	/decoder/convnext.3/act/Erf	['/decoder/convnext.3/act/Div_output_0']	['/decoder/convnext.3/act/Erf_output_0']
69	Add	/decoder/convnext.3/act/Add	['/decoder/convnext.3/act/Erf_output_0', '/decoder/convnext.0/act/Constant_1_output_0']	['/decoder/convnext.3/act/Add_output_0']
70	Mul	/decoder/convnext.3/act/Mul	['/decoder/convnext.3/pwconv1/Conv_output_0', '/decoder/convnext.3/act/Add_output_0']	['/decoder/convnext.3/act/Mul_output_0']
71	Mul	/decoder/convnext.3/act/Mul_1	['/decoder/convnext.3/act/Mul_output_0', '/decoder/convnext.0/act/Constant_2_output_0']	['/decoder/convnext.3/act/Mul_1_output_0']
72	Conv	/decoder/convnext.3/pwconv2/Conv	['/decoder/convnext.3/act/Mul_1_output_0', 'tts.ae.decoder.convnext.3.pwconv2.weight', 'tts.ae.decoder.convnext.3.pwconv2.bias']	['/decoder/convnext.3/pwconv2/Conv_output_0']
73	Mul	/decoder/convnext.3/Mul	['tts.ae.decoder.convnext.3.gamma', '/decoder/convnext.3/pwconv2/Conv_output_0']	['/decoder/convnext.3/Mul_output_0']
74	Add	/decoder/convnext.3/Add	['/decoder/convnext.2/Add_output_0', '/decoder/convnext.3/Mul_output_0']	['/decoder/convnext.3/Add_output_0']
75	Pad	/decoder/convnext.4/dwconv/Pad	['/decoder/convnext.3/Add_output_0', '/decoder/convnext.1/dwconv/Cast_output_0']	['/decoder/convnext.4/dwconv/Pad_output_0']
76	Conv	/decoder/convnext.4/dwconv/net/Conv	['/decoder/convnext.4/dwconv/Pad_output_0', 'tts.ae.decoder.convnext.4.dwconv.net.weight', 'tts.ae.decoder.convnext.4.dwconv.net.bias']	['/decoder/convnext.4/dwconv/net/Conv_output_0']
77	Transpose	/decoder/convnext.4/norm/Transpose	['/decoder/convnext.4/dwconv/net/Conv_output_0']	['/decoder/convnext.4/norm/Transpose_output_0']
78	LayerNormalization	/decoder/convnext.4/norm/norm/LayerNormalization	['/decoder/convnext.4/norm/Transpose_output_0', 'tts.ae.decoder.convnext.4.norm.norm.weight', 'tts.ae.decoder.convnext.4.norm.norm.bias']	['/decoder/convnext.4/norm/norm/LayerNormalization_output_0']
79	Transpose	/decoder/convnext.4/norm/Transpose_1	['/decoder/convnext.4/norm/norm/LayerNormalization_output_0']	['/decoder/convnext.4/norm/Transpose_1_output_0']
80	Conv	/decoder/convnext.4/pwconv1/Conv	['/decoder/convnext.4/norm/Transpose_1_output_0', 'tts.ae.decoder.convnext.4.pwconv1.weight', 'tts.ae.decoder.convnext.4.pwconv1.bias']	['/decoder/convnext.4/pwconv1/Conv_output_0']
81	Div	/decoder/convnext.4/act/Div	['/decoder/convnext.4/pwconv1/Conv_output_0', '/decoder/convnext.0/act/Constant_output_0']	['/decoder/convnext.4/act/Div_output_0']
82	Erf	/decoder/convnext.4/act/Erf	['/decoder/convnext.4/act/Div_output_0']	['/decoder/convnext.4/act/Erf_output_0']
83	Add	/decoder/convnext.4/act/Add	['/decoder/convnext.4/act/Erf_output_0', '/decoder/convnext.0/act/Constant_1_output_0']	['/decoder/convnext.4/act/Add_output_0']
84	Mul	/decoder/convnext.4/act/Mul	['/decoder/convnext.4/pwconv1/Conv_output_0', '/decoder/convnext.4/act/Add_output_0']	['/decoder/convnext.4/act/Mul_output_0']
85	Mul	/decoder/convnext.4/act/Mul_1	['/decoder/convnext.4/act/Mul_output_0', '/decoder/convnext.0/act/Constant_2_output_0']	['/decoder/convnext.4/act/Mul_1_output_0']
86	Conv	/decoder/convnext.4/pwconv2/Conv	['/decoder/convnext.4/act/Mul_1_output_0', 'tts.ae.decoder.convnext.4.pwconv2.weight', 'tts.ae.decoder.convnext.4.pwconv2.bias']	['/decoder/convnext.4/pwconv2/Conv_output_0']
87	Mul	/decoder/convnext.4/Mul	['tts.ae.decoder.convnext.4.gamma', '/decoder/convnext.4/pwconv2/Conv_output_0']	['/decoder/convnext.4/Mul_output_0']
88	Add	/decoder/convnext.4/Add	['/decoder/convnext.3/Add_output_0', '/decoder/convnext.4/Mul_output_0']	['/decoder/convnext.4/Add_output_0']
89	Pad	/decoder/convnext.5/dwconv/Pad	['/decoder/convnext.4/Add_output_0', '/decoder/convnext.2/dwconv/Cast_output_0']	['/decoder/convnext.5/dwconv/Pad_output_0']
90	Conv	/decoder/convnext.5/dwconv/net/Conv	['/decoder/convnext.5/dwconv/Pad_output_0', 'tts.ae.decoder.convnext.5.dwconv.net.weight', 'tts.ae.decoder.convnext.5.dwconv.net.bias']	['/decoder/convnext.5/dwconv/net/Conv_output_0']
91	Transpose	/decoder/convnext.5/norm/Transpose	['/decoder/convnext.5/dwconv/net/Conv_output_0']	['/decoder/convnext.5/norm/Transpose_output_0']
92	LayerNormalization	/decoder/convnext.5/norm/norm/LayerNormalization	['/decoder/convnext.5/norm/Transpose_output_0', 'tts.ae.decoder.convnext.5.norm.norm.weight', 'tts.ae.decoder.convnext.5.norm.norm.bias']	['/decoder/convnext.5/norm/norm/LayerNormalization_output_0']
93	Transpose	/decoder/convnext.5/norm/Transpose_1	['/decoder/convnext.5/norm/norm/LayerNormalization_output_0']	['/decoder/convnext.5/norm/Transpose_1_output_0']
94	Conv	/decoder/convnext.5/pwconv1/Conv	['/decoder/convnext.5/norm/Transpose_1_output_0', 'tts.ae.decoder.convnext.5.pwconv1.weight', 'tts.ae.decoder.convnext.5.pwconv1.bias']	['/decoder/convnext.5/pwconv1/Conv_output_0']
95	Div	/decoder/convnext.5/act/Div	['/decoder/convnext.5/pwconv1/Conv_output_0', '/decoder/convnext.0/act/Constant_output_0']	['/decoder/convnext.5/act/Div_output_0']
96	Erf	/decoder/convnext.5/act/Erf	['/decoder/convnext.5/act/Div_output_0']	['/decoder/convnext.5/act/Erf_output_0']
97	Add	/decoder/convnext.5/act/Add	['/decoder/convnext.5/act/Erf_output_0', '/decoder/convnext.0/act/Constant_1_output_0']	['/decoder/convnext.5/act/Add_output_0']
98	Mul	/decoder/convnext.5/act/Mul	['/decoder/convnext.5/pwconv1/Conv_output_0', '/decoder/convnext.5/act/Add_output_0']	['/decoder/convnext.5/act/Mul_output_0']
99	Mul	/decoder/convnext.5/act/Mul_1	['/decoder/convnext.5/act/Mul_output_0', '/decoder/convnext.0/act/Constant_2_output_0']	['/decoder/convnext.5/act/Mul_1_output_0']
100	Conv	/decoder/convnext.5/pwconv2/Conv	['/decoder/convnext.5/act/Mul_1_output_0', 'tts.ae.decoder.convnext.5.pwconv2.weight', 'tts.ae.decoder.convnext.5.pwconv2.bias']	['/decoder/convnext.5/pwconv2/Conv_output_0']
101	Mul	/decoder/convnext.5/Mul	['tts.ae.decoder.convnext.5.gamma', '/decoder/convnext.5/pwconv2/Conv_output_0']	['/decoder/convnext.5/Mul_output_0']
102	Add	/decoder/convnext.5/Add	['/decoder/convnext.4/Add_output_0', '/decoder/convnext.5/Mul_output_0']	['/decoder/convnext.5/Add_output_0']
103	Pad	/decoder/convnext.6/dwconv/Pad	['/decoder/convnext.5/Add_output_0', '/decoder/embed/Cast_output_0']	['/decoder/convnext.6/dwconv/Pad_output_0']
104	Conv	/decoder/convnext.6/dwconv/net/Conv	['/decoder/convnext.6/dwconv/Pad_output_0', 'tts.ae.decoder.convnext.6.dwconv.net.weight', 'tts.ae.decoder.convnext.6.dwconv.net.bias']	['/decoder/convnext.6/dwconv/net/Conv_output_0']
105	Transpose	/decoder/convnext.6/norm/Transpose	['/decoder/convnext.6/dwconv/net/Conv_output_0']	['/decoder/convnext.6/norm/Transpose_output_0']
106	LayerNormalization	/decoder/convnext.6/norm/norm/LayerNormalization	['/decoder/convnext.6/norm/Transpose_output_0', 'tts.ae.decoder.convnext.6.norm.norm.weight', 'tts.ae.decoder.convnext.6.norm.norm.bias']	['/decoder/convnext.6/norm/norm/LayerNormalization_output_0']
107	Transpose	/decoder/convnext.6/norm/Transpose_1	['/decoder/convnext.6/norm/norm/LayerNormalization_output_0']	['/decoder/convnext.6/norm/Transpose_1_output_0']
108	Conv	/decoder/convnext.6/pwconv1/Conv	['/decoder/convnext.6/norm/Transpose_1_output_0', 'tts.ae.decoder.convnext.6.pwconv1.weight', 'tts.ae.decoder.convnext.6.pwconv1.bias']	['/decoder/convnext.6/pwconv1/Conv_output_0']
109	Div	/decoder/convnext.6/act/Div	['/decoder/convnext.6/pwconv1/Conv_output_0', '/decoder/convnext.0/act/Constant_output_0']	['/decoder/convnext.6/act/Div_output_0']
110	Erf	/decoder/convnext.6/act/Erf	['/decoder/convnext.6/act/Div_output_0']	['/decoder/convnext.6/act/Erf_output_0']
111	Add	/decoder/convnext.6/act/Add	['/decoder/convnext.6/act/Erf_output_0', '/decoder/convnext.0/act/Constant_1_output_0']	['/decoder/convnext.6/act/Add_output_0']
112	Mul	/decoder/convnext.6/act/Mul	['/decoder/convnext.6/pwconv1/Conv_output_0', '/decoder/convnext.6/act/Add_output_0']	['/decoder/convnext.6/act/Mul_output_0']
113	Mul	/decoder/convnext.6/act/Mul_1	['/decoder/convnext.6/act/Mul_output_0', '/decoder/convnext.0/act/Constant_2_output_0']	['/decoder/convnext.6/act/Mul_1_output_0']
114	Conv	/decoder/convnext.6/pwconv2/Conv	['/decoder/convnext.6/act/Mul_1_output_0', 'tts.ae.decoder.convnext.6.pwconv2.weight', 'tts.ae.decoder.convnext.6.pwconv2.bias']	['/decoder/convnext.6/pwconv2/Conv_output_0']
115	Mul	/decoder/convnext.6/Mul	['tts.ae.decoder.convnext.6.gamma', '/decoder/convnext.6/pwconv2/Conv_output_0']	['/decoder/convnext.6/Mul_output_0']
116	Add	/decoder/convnext.6/Add	['/decoder/convnext.5/Add_output_0', '/decoder/convnext.6/Mul_output_0']	['/decoder/convnext.6/Add_output_0']
117	Pad	/decoder/convnext.7/dwconv/Pad	['/decoder/convnext.6/Add_output_0', '/decoder/embed/Cast_output_0']	['/decoder/convnext.7/dwconv/Pad_output_0']
118	Conv	/decoder/convnext.7/dwconv/net/Conv	['/decoder/convnext.7/dwconv/Pad_output_0', 'tts.ae.decoder.convnext.7.dwconv.net.weight', 'tts.ae.decoder.convnext.7.dwconv.net.bias']	['/decoder/convnext.7/dwconv/net/Conv_output_0']
119	Transpose	/decoder/convnext.7/norm/Transpose	['/decoder/convnext.7/dwconv/net/Conv_output_0']	['/decoder/convnext.7/norm/Transpose_output_0']
120	LayerNormalization	/decoder/convnext.7/norm/norm/LayerNormalization	['/decoder/convnext.7/norm/Transpose_output_0', 'tts.ae.decoder.convnext.7.norm.norm.weight', 'tts.ae.decoder.convnext.7.norm.norm.bias']	['/decoder/convnext.7/norm/norm/LayerNormalization_output_0']
121	Transpose	/decoder/convnext.7/norm/Transpose_1	['/decoder/convnext.7/norm/norm/LayerNormalization_output_0']	['/decoder/convnext.7/norm/Transpose_1_output_0']
122	Conv	/decoder/convnext.7/pwconv1/Conv	['/decoder/convnext.7/norm/Transpose_1_output_0', 'tts.ae.decoder.convnext.7.pwconv1.weight', 'tts.ae.decoder.convnext.7.pwconv1.bias']	['/decoder/convnext.7/pwconv1/Conv_output_0']
123	Div	/decoder/convnext.7/act/Div	['/decoder/convnext.7/pwconv1/Conv_output_0', '/decoder/convnext.0/act/Constant_output_0']	['/decoder/convnext.7/act/Div_output_0']
124	Erf	/decoder/convnext.7/act/Erf	['/decoder/convnext.7/act/Div_output_0']	['/decoder/convnext.7/act/Erf_output_0']
125	Add	/decoder/convnext.7/act/Add	['/decoder/convnext.7/act/Erf_output_0', '/decoder/convnext.0/act/Constant_1_output_0']	['/decoder/convnext.7/act/Add_output_0']
126	Mul	/decoder/convnext.7/act/Mul	['/decoder/convnext.7/pwconv1/Conv_output_0', '/decoder/convnext.7/act/Add_output_0']	['/decoder/convnext.7/act/Mul_output_0']
127	Mul	/decoder/convnext.7/act/Mul_1	['/decoder/convnext.7/act/Mul_output_0', '/decoder/convnext.0/act/Constant_2_output_0']	['/decoder/convnext.7/act/Mul_1_output_0']
128	Conv	/decoder/convnext.7/pwconv2/Conv	['/decoder/convnext.7/act/Mul_1_output_0', 'tts.ae.decoder.convnext.7.pwconv2.weight', 'tts.ae.decoder.convnext.7.pwconv2.bias']	['/decoder/convnext.7/pwconv2/Conv_output_0']
129	Mul	/decoder/convnext.7/Mul	['tts.ae.decoder.convnext.7.gamma', '/decoder/convnext.7/pwconv2/Conv_output_0']	['/decoder/convnext.7/Mul_output_0']
130	Add	/decoder/convnext.7/Add	['/decoder/convnext.6/Add_output_0', '/decoder/convnext.7/Mul_output_0']	['/decoder/convnext.7/Add_output_0']
131	Pad	/decoder/convnext.8/dwconv/Pad	['/decoder/convnext.7/Add_output_0', '/decoder/embed/Cast_output_0']	['/decoder/convnext.8/dwconv/Pad_output_0']
132	Conv	/decoder/convnext.8/dwconv/net/Conv	['/decoder/convnext.8/dwconv/Pad_output_0', 'tts.ae.decoder.convnext.8.dwconv.net.weight', 'tts.ae.decoder.convnext.8.dwconv.net.bias']	['/decoder/convnext.8/dwconv/net/Conv_output_0']
133	Transpose	/decoder/convnext.8/norm/Transpose	['/decoder/convnext.8/dwconv/net/Conv_output_0']	['/decoder/convnext.8/norm/Transpose_output_0']
134	LayerNormalization	/decoder/convnext.8/norm/norm/LayerNormalization	['/decoder/convnext.8/norm/Transpose_output_0', 'tts.ae.decoder.convnext.8.norm.norm.weight', 'tts.ae.decoder.convnext.8.norm.norm.bias']	['/decoder/convnext.8/norm/norm/LayerNormalization_output_0']
135	Transpose	/decoder/convnext.8/norm/Transpose_1	['/decoder/convnext.8/norm/norm/LayerNormalization_output_0']	['/decoder/convnext.8/norm/Transpose_1_output_0']
136	Conv	/decoder/convnext.8/pwconv1/Conv	['/decoder/convnext.8/norm/Transpose_1_output_0', 'tts.ae.decoder.convnext.8.pwconv1.weight', 'tts.ae.decoder.convnext.8.pwconv1.bias']	['/decoder/convnext.8/pwconv1/Conv_output_0']
137	Div	/decoder/convnext.8/act/Div	['/decoder/convnext.8/pwconv1/Conv_output_0', '/decoder/convnext.0/act/Constant_output_0']	['/decoder/convnext.8/act/Div_output_0']
138	Erf	/decoder/convnext.8/act/Erf	['/decoder/convnext.8/act/Div_output_0']	['/decoder/convnext.8/act/Erf_output_0']
139	Add	/decoder/convnext.8/act/Add	['/decoder/convnext.8/act/Erf_output_0', '/decoder/convnext.0/act/Constant_1_output_0']	['/decoder/convnext.8/act/Add_output_0']
140	Mul	/decoder/convnext.8/act/Mul	['/decoder/convnext.8/pwconv1/Conv_output_0', '/decoder/convnext.8/act/Add_output_0']	['/decoder/convnext.8/act/Mul_output_0']
141	Mul	/decoder/convnext.8/act/Mul_1	['/decoder/convnext.8/act/Mul_output_0', '/decoder/convnext.0/act/Constant_2_output_0']	['/decoder/convnext.8/act/Mul_1_output_0']
142	Conv	/decoder/convnext.8/pwconv2/Conv	['/decoder/convnext.8/act/Mul_1_output_0', 'tts.ae.decoder.convnext.8.pwconv2.weight', 'tts.ae.decoder.convnext.8.pwconv2.bias']	['/decoder/convnext.8/pwconv2/Conv_output_0']
143	Mul	/decoder/convnext.8/Mul	['tts.ae.decoder.convnext.8.gamma', '/decoder/convnext.8/pwconv2/Conv_output_0']	['/decoder/convnext.8/Mul_output_0']
144	Add	/decoder/convnext.8/Add	['/decoder/convnext.7/Add_output_0', '/decoder/convnext.8/Mul_output_0']	['/decoder/convnext.8/Add_output_0']
145	Pad	/decoder/convnext.9/dwconv/Pad	['/decoder/convnext.8/Add_output_0', '/decoder/embed/Cast_output_0']	['/decoder/convnext.9/dwconv/Pad_output_0']
146	Conv	/decoder/convnext.9/dwconv/net/Conv	['/decoder/convnext.9/dwconv/Pad_output_0', 'tts.ae.decoder.convnext.9.dwconv.net.weight', 'tts.ae.decoder.convnext.9.dwconv.net.bias']	['/decoder/convnext.9/dwconv/net/Conv_output_0']
147	Transpose	/decoder/convnext.9/norm/Transpose	['/decoder/convnext.9/dwconv/net/Conv_output_0']	['/decoder/convnext.9/norm/Transpose_output_0']
148	LayerNormalization	/decoder/convnext.9/norm/norm/LayerNormalization	['/decoder/convnext.9/norm/Transpose_output_0', 'tts.ae.decoder.convnext.9.norm.norm.weight', 'tts.ae.decoder.convnext.9.norm.norm.bias']	['/decoder/convnext.9/norm/norm/LayerNormalization_output_0']
149	Transpose	/decoder/convnext.9/norm/Transpose_1	['/decoder/convnext.9/norm/norm/LayerNormalization_output_0']	['/decoder/convnext.9/norm/Transpose_1_output_0']
150	Conv	/decoder/convnext.9/pwconv1/Conv	['/decoder/convnext.9/norm/Transpose_1_output_0', 'tts.ae.decoder.convnext.9.pwconv1.weight', 'tts.ae.decoder.convnext.9.pwconv1.bias']	['/decoder/convnext.9/pwconv1/Conv_output_0']
151	Div	/decoder/convnext.9/act/Div	['/decoder/convnext.9/pwconv1/Conv_output_0', '/decoder/convnext.0/act/Constant_output_0']	['/decoder/convnext.9/act/Div_output_0']
152	Erf	/decoder/convnext.9/act/Erf	['/decoder/convnext.9/act/Div_output_0']	['/decoder/convnext.9/act/Erf_output_0']
153	Add	/decoder/convnext.9/act/Add	['/decoder/convnext.9/act/Erf_output_0', '/decoder/convnext.0/act/Constant_1_output_0']	['/decoder/convnext.9/act/Add_output_0']
154	Mul	/decoder/convnext.9/act/Mul	['/decoder/convnext.9/pwconv1/Conv_output_0', '/decoder/convnext.9/act/Add_output_0']	['/decoder/convnext.9/act/Mul_output_0']
155	Mul	/decoder/convnext.9/act/Mul_1	['/decoder/convnext.9/act/Mul_output_0', '/decoder/convnext.0/act/Constant_2_output_0']	['/decoder/convnext.9/act/Mul_1_output_0']
156	Conv	/decoder/convnext.9/pwconv2/Conv	['/decoder/convnext.9/act/Mul_1_output_0', 'tts.ae.decoder.convnext.9.pwconv2.weight', 'tts.ae.decoder.convnext.9.pwconv2.bias']	['/decoder/convnext.9/pwconv2/Conv_output_0']
157	Mul	/decoder/convnext.9/Mul	['tts.ae.decoder.convnext.9.gamma', '/decoder/convnext.9/pwconv2/Conv_output_0']	['/decoder/convnext.9/Mul_output_0']
158	Add	/decoder/convnext.9/Add	['/decoder/convnext.8/Add_output_0', '/decoder/convnext.9/Mul_output_0']	['/decoder/convnext.9/Add_output_0']
159	BatchNormalization	/decoder/final_norm/BatchNormalization	['/decoder/convnext.9/Add_output_0', 'tts.ae.decoder.final_norm.norm.weight', 'tts.ae.decoder.final_norm.norm.bias', 'tts.ae.decoder.final_norm.norm.running_mean', 'tts.ae.decoder.final_norm.norm.running_var']	['/decoder/final_norm/BatchNormalization_output_0']
160	Pad	/decoder/head/layer1/Pad	['/decoder/final_norm/BatchNormalization_output_0', '/decoder/head/layer1/Cast_output_0']	['/decoder/head/layer1/Pad_output_0']
161	Conv	/decoder/head/layer1/net/Conv	['/decoder/head/layer1/Pad_output_0', 'tts.ae.decoder.head.layer1.net.weight', 'tts.ae.decoder.head.layer1.net.bias']	['/decoder/head/layer1/net/Conv_output_0']
162	PRelu	/decoder/head/act/PRelu	['/decoder/head/layer1/net/Conv_output_0', 'onnx::PRelu_1505']	['/decoder/head/act/PRelu_output_0']
163	Conv	/decoder/head/layer2/Conv	['/decoder/head/act/PRelu_output_0', 'tts.ae.decoder.head.layer2.weight']	['/decoder/head/layer2/Conv_output_0']
164	Transpose	/decoder/head/Transpose	['/decoder/head/layer2/Conv_output_0']	['/decoder/head/Transpose_output_0']
165	Shape	/decoder/head/Shape	['/decoder/head/Transpose_output_0']	['/decoder/head/Shape_output_0']
166	Gather	/decoder/head/Gather	['/decoder/head/Shape_output_0', '/Constant_output_0']	['/decoder/head/Gather_output_0']
167	Unsqueeze	/decoder/head/Unsqueeze	['/decoder/head/Gather_output_0', '/Constant_1_output_0']	['/decoder/head/Unsqueeze_output_0']
168	Concat	/decoder/head/Concat	['/decoder/head/Unsqueeze_output_0', '/Constant_2_output_0']	['/decoder/head/Concat_output_0']
169	Reshape	/decoder/head/Reshape	['/decoder/head/Transpose_output_0', '/decoder/head/Concat_output_0']	['wav_tts']